terrain_type,band,polarization,thetamin,thetamax,p1,p2,p3,p4,p5,p6,m1,m2,m3
a,C,hh,0.0,50.0,-24.855,26.351,1.146,0.204,0.0,0.0,14.831,-9.0,-0.305
a,C,vv,0.0,50.0,-24.951,28.742,1.045,-1.681,0.0,0.0,4.361,4.08,15.0
a,C,hv,0.0,50.0,-26.7,15.055,1.816,-0.499,0.0,0.0,4.981,1.422,15.0
a,L,hh,0.0,50.0,-85.984,99.0,0.628,8.189,3.414,-3.142,5.6,-0.0005,-9.0
a,L,vv,0.0,50.0,-94.36,99.0,0.365,-3.398,5.0,-1.739,4.618,0.517,-0.846
a,L,hv,0.0,50.0,-30.2,15.261,3.56,-0.424,0.0,0.0,4.675,-0.521,3.187
a,Ku,hh,0.0,60.0,-95.843,94.457,0.144,-2.351,-3.556,2.08,14.099,-9.0,-0.087
a,Ku,vv,0.0,60.0,-98.32,99.0,0.129,-0.791,5.0,-3.142,13.901,-9.0,-0.273
a,Ku,hv,10.0,50.0,-99.0,46.475,-0.904,-30.0,2.986,-3.142,5.812,0.0002,-9.0
a,X,hh,0.0,80.0,4.337,6.666,-0.107,-29.709,0.863,-1.365,1.404,2.015,-0.727
a,X,vv,10.0,70.0,-42.553,48.823,0.722,5.808,3.0,-3.142,3.263,11.794,8.977
a,X,hv,0.0,70.0,-99.0,96.734,0.304,6.78,-2.506,3.142,3.944,0.064,-2.764
a,Ka,hh,NULL,NULL,NULL,NULL,NULL,NULL,NULL,NULL,NULL,NULL,NULL
a,Ka,vv,NULL,NULL,NULL,NULL,NULL,NULL,NULL,NULL,NULL,NULL,NULL
a,Ka,hv,NULL,NULL,NULL,NULL,NULL,NULL,NULL,NULL,NULL,NULL,NULL
a,W,hh,NULL,NULL,NULL,NULL,NULL,NULL,NULL,NULL,NULL,NULL,NULL
a,W,vv,NULL,NULL,NULL,NULL,NULL,NULL,NULL,NULL,NULL,NULL,NULL
a,W,hv,NULL,NULL,NULL,NULL,NULL,NULL,NULL,NULL,NULL,NULL,NULL
a,S,hh,0.0,50.0,-91.2,99.0,0.433,5.063,2.941,-3.142,4.644,2.883,15.0
a,S,vv,0.0,50.0,-97.016,99.0,0.27,-2.056,5.0,-1.754,14.914,-9.0,-0.285
a,S,hv,0.0,40.0,-46.467,31.788,2.189,-17.99,1.34,1.583,4.569,0.022,-6.708
c1a,C,hh,0.0,50.0,-28.402,38.058,3.518,7.062,3.618,-2.968,3.64,4.439,15.0
c1a,C,vv,0.0,50.0,-71.597,99.0,1.794,-30.0,-2.819,-0.595,3.629,4.107,15.0
c1a,C,hv,0.0,50.0,-26.132,11.157,15.0,0.0,0.0,0.0,4.586,0.0,0.0
c1a,L,hh,10.0,50.0,-30.415,36.859,3.169,0.0,0.0,0.0,-9.0,14.774,0.279
c1a,L,vv,NULL,NULL,NULL,NULL,NULL,NULL,NULL,NULL,NULL,NULL,NULL
c1a,L,hv,NULL,NULL,NULL,NULL,NULL,NULL,NULL,NULL,NULL,NULL,NULL
c1a,Ku,hh,NULL,NULL,NULL,NULL,NULL,NULL,NULL,NULL,NULL,NULL,NULL
c1a,Ku,vv,10.0,50.0,-15.302,19.86,5.479,0.0,0.0,0.0,-9.0,12.48,0.039
c1a,Ku,hv,NULL,NULL,NULL,NULL,NULL,NULL,NULL,NULL,NULL,NULL,NULL
c1a,X,hh,20.0,70.0,-40.044,55.045,15.0,-30.0,-0.655,3.142,3.126,0.061,-3.212
c1a,X,vv,NULL,NULL,NULL,NULL,NULL,NULL,NULL,NULL,NULL,NULL,NULL
c1a,X,hv,NULL,NULL,NULL,NULL,NULL,NULL,NULL,NULL,NULL,NULL,NULL
c1a,Ka,hh,20.0,70.0,-99.0,92.803,0.053,0.511,-5.0,-3.142,11.668,-9.0,0.063
c1a,Ka,vv,NULL,NULL,NULL,NULL,NULL,NULL,NULL,NULL,NULL,NULL,NULL
c1a,Ka,hv,NULL,NULL,NULL,NULL,NULL,NULL,NULL,NULL,NULL,NULL,NULL
c1a,W,hh,NULL,NULL,NULL,NULL,NULL,NULL,NULL,NULL,NULL,NULL,NULL
c1a,W,vv,NULL,NULL,NULL,NULL,NULL,NULL,NULL,NULL,NULL,NULL,NULL
c1a,W,hv,NULL,NULL,NULL,NULL,NULL,NULL,NULL,NULL,NULL,NULL,NULL
c1a,S,hh,NULL,NULL,NULL,NULL,NULL,NULL,NULL,NULL,NULL,NULL,NULL
c1a,S,vv,NULL,NULL,NULL,NULL,NULL,NULL,NULL,NULL,NULL,NULL,NULL
c1a,S,hv,NULL,NULL,NULL,NULL,NULL,NULL,NULL,NULL,NULL,NULL,NULL
c1c,C,hh,0.0,80.0,-16.812,18.857,1.798,-1.718,4.826,-3.141,2.318,3.148,2.475
c1c,C,vv,0.0,80.0,-96.307,99.0,0.181,-3.866,-3.597,1.89,2.788,2.88,3.58
c1c,C,hv,0.0,80.0,-37.207,27.301,0.433,-1.483,4.573,-3.142,2.434,1.789,0.627
c1c,L,hh,0.0,80.0,-28.306,32.782,2.029,-3.443,7.245,-3.142,-9.0,14.01,0.013
c1c,L,vv,0.0,80.0,-27.536,33.101,2.319,-2.254,7.429,-3.142,-9.0,14.206,0.02
c1c,L,hv,0.0,80.0,-40.82,27.901,1.91,-1.502,3.001,-0.721,-9.0,13.662,0.057
c1c,Ku,hh,0.0,80.0,-87.49,99.0,0.238,11.311,-1.231,3.142,1.922,1.872,1.008
c1c,Ku,vv,0.0,80.0,-16.022,16.187,1.995,1.265,5.406,-1.105,-9.0,12.704,0.03
c1c,Ku,hv,40.0,70.0,12.901,0.0,0.0,30.0,0.528,2.529,3.267,0.0,0.0
c1c,X,hh,0.0,80.0,-37.358,37.015,0.428,-1.516,4.711,-3.142,2.669,1.972,2.956
c1c,X,vv,0.0,80.0,-25.232,24.763,0.82,-2.394,4.219,-2.686,3.46,1.223,5.435
c1c,X,hv,20.0,70.0,-48.289,99.0,11.815,-30.0,-0.173,3.142,3.428,0.0,0.0
c1c,Ka,hh,NULL,NULL,NULL,NULL,NULL,NULL,NULL,NULL,NULL,NULL,NULL
c1c,Ka,vv,20.0,60.0,76.242,-99.0,0.226,9.859,3.368,-0.636,-9.0,10.046,-0.215
c1c,Ka,hv,NULL,NULL,NULL,NULL,NULL,NULL,NULL,NULL,NULL,NULL,NULL
c1c,W,hh,NULL,NULL,NULL,NULL,NULL,NULL,NULL,NULL,NULL,NULL,NULL
c1c,W,vv,NULL,NULL,NULL,NULL,NULL,NULL,NULL,NULL,NULL,NULL,NULL
c1c,W,hv,NULL,NULL,NULL,NULL,NULL,NULL,NULL,NULL,NULL,NULL,NULL
c1c,S,hh,0.0,80.0,-19.808,24.357,3.01,-1.049,7.144,-3.142,3.389,3.114,5.892
c1c,S,vv,0.0,80.0,-20.95,26.234,2.811,-0.513,7.101,-3.142,3.303,3.435,4.579
c1c,S,hv,0.0,80.0,-29.305,18.6,2.988,-1.979,3.267,0.727,3.119,0.822,2.865
b2,C,hh,NULL,NULL,NULL,NULL,NULL,NULL,NULL,NULL,NULL,NULL,NULL
b2,C,vv,NULL,NULL,NULL,NULL,NULL,NULL,NULL,NULL,NULL,NULL,NULL
b2,C,hv,NULL,NULL,NULL,NULL,NULL,NULL,NULL,NULL,NULL,NULL,NULL
b2,L,hh,NULL,NULL,NULL,NULL,NULL,NULL,NULL,NULL,NULL,NULL,NULL
b2,L,vv,NULL,NULL,NULL,NULL,NULL,NULL,NULL,NULL,NULL,NULL,NULL
b2,L,hv,NULL,NULL,NULL,NULL,NULL,NULL,NULL,NULL,NULL,NULL,NULL
b2,Ku,hh,0.0,60.0,-41.35,2.467,15.0,30.0,0.566,-0.379,5.074,-0.034,-4.307
b2,Ku,vv,0.0,60.0,-39.797,3.584,15.0,30.0,0.857,-0.549,5.854,-0.417,-2.162
b2,Ku,hv,0.0,60.0,-34.979,1.144,15.0,30.0,0.02,0.801,5.226,-0.25,-2.431
b2,X,hh,40.0,80.0,-41.242,0.0,0.0,30.0,0.913,-0.835,3.306,0.0,0.0
b2,X,vv,NULL,NULL,NULL,NULL,NULL,NULL,NULL,NULL,NULL,NULL,NULL
b2,X,hv,NULL,NULL,NULL,NULL,NULL,NULL,NULL,NULL,NULL,NULL,NULL
b2,Ka,hh,NULL,NULL,NULL,NULL,NULL,NULL,NULL,NULL,NULL,NULL,NULL
b2,Ka,vv,NULL,NULL,NULL,NULL,NULL,NULL,NULL,NULL,NULL,NULL,NULL
b2,Ka,hv,NULL,NULL,NULL,NULL,NULL,NULL,NULL,NULL,NULL,NULL,NULL
b2,W,hh,NULL,NULL,NULL,NULL,NULL,NULL,NULL,NULL,NULL,NULL,NULL
b2,W,vv,NULL,NULL,NULL,NULL,NULL,NULL,NULL,NULL,NULL,NULL,NULL
b2,W,hv,NULL,NULL,NULL,NULL,NULL,NULL,NULL,NULL,NULL,NULL,NULL
b2,S,hh,NULL,NULL,NULL,NULL,NULL,NULL,NULL,NULL,NULL,NULL,NULL
b2,S,vv,NULL,NULL,NULL,NULL,NULL,NULL,NULL,NULL,NULL,NULL,NULL
b2,S,hv,NULL,NULL,NULL,NULL,NULL,NULL,NULL,NULL,NULL,NULL,NULL
c1c2,C,hh,NULL,NULL,NULL,NULL,NULL,NULL,NULL,NULL,NULL,NULL,NULL
c1c2,C,vv,NULL,NULL,NULL,NULL,NULL,NULL,NULL,NULL,NULL,NULL,NULL
c1c2,C,hv,NULL,NULL,NULL,NULL,NULL,NULL,NULL,NULL,NULL,NULL,NULL
c1c2,L,hh,NULL,NULL,NULL,NULL,NULL,NULL,NULL,NULL,NULL,NULL,NULL
c1c2,L,vv,20.0,60.0,-99.0,94.802,0.104,0.0,0.0,0.0,11.536,-9.0,0.169
c1c2,L,hv,NULL,NULL,NULL,NULL,NULL,NULL,NULL,NULL,NULL,NULL,NULL
c1c2,Ku,hh,40.0,70.0,-40.331,0.0,0.0,30.0,1.052,-0.896,9.71,-9.0,0.162
c1c2,Ku,vv,40.0,70.0,-41.256,0.0,0.0,30.0,0.878,-0.781,-9.0,9.865,-0.17
c1c2,Ku,hv,40.0,70.0,-43.847,0.0,0.0,30.0,1.217,-1.12,-9.0,9.695,-0.126
c1c2,X,hh,20.0,70.0,-99.0,98.073,0.115,-1.449,4.987,-3.142,3.33,-3.397,2.673
c1c2,X,vv,20.0,70.0,-99.0,97.041,0.108,-1.938,4.943,-3.142,3.362,-9.0,15.0
c1c2,X,hv,20.0,70.0,-45.908,99.0,15.0,-30.0,-0.307,3.142,-7.278,11.35,0.061
c1c2,Ka,hh,NULL,NULL,NULL,NULL,NULL,NULL,NULL,NULL,NULL,NULL,NULL
c1c2,Ka,vv,NULL,NULL,NULL,NULL,NULL,NULL,NULL,NULL,NULL,NULL,NULL
c1c2,Ka,hv,NULL,NULL,NULL,NULL,NULL,NULL,NULL,NULL,NULL,NULL,NULL
c1c2,W,hh,NULL,NULL,NULL,NULL,NULL,NULL,NULL,NULL,NULL,NULL,NULL
c1c2,W,vv,NULL,NULL,NULL,NULL,NULL,NULL,NULL,NULL,NULL,NULL,NULL
c1c2,W,hv,NULL,NULL,NULL,NULL,NULL,NULL,NULL,NULL,NULL,NULL,NULL
c1c2,S,hh,NULL,NULL,NULL,NULL,NULL,NULL,NULL,NULL,NULL,NULL,NULL
c1c2,S,vv,NULL,NULL,NULL,NULL,NULL,NULL,NULL,NULL,NULL,NULL,NULL
c1c2,S,hv,NULL,NULL,NULL,NULL,NULL,NULL,NULL,NULL,NULL,NULL,NULL
c1c3,C,hh,0.0,80.0,-16.89,18.856,1.778,-1.793,4.851,-3.142,2.407,3.037,2.47
c1c3,C,vv,0.0,80.0,-95.418,99.0,0.191,-3.993,-3.467,1.661,2.858,2.817,3.826
c1c3,C,hv,0.0,80.0,-30.748,21.308,0.625,-1.05,4.644,-3.142,2.28,1.943,0.559
c1c3,L,hh,0.0,80.0,-29.36,36.115,2.401,-1.653,7.312,-3.142,-9.0,13.801,0.08
c1c3,L,vv,0.0,80.0,-28.948,36.763,2.709,-0.451,4.236,-3.142,-9.0,13.937,0.089
c1c3,L,hv,0.0,80.0,-40.82,27.901,1.91,-1.502,3.001,-0.721,-9.0,13.662,0.057
c1c3,Ku,hh,0.0,80.0,-87.182,99.0,0.237,11.623,-1.206,3.142,0.313,3.401,0.392
c1c3,Ku,vv,0.0,80.0,-16.067,16.182,1.984,1.287,5.307,-1.07,-9.0,12.707,0.031
c1c3,Ku,hv,40.0,70.0,12.75,0.0,0.0,30.0,0.622,2.443,11.63,-9.0,0.081
c1c3,X,hh,0.0,80.0,-38.381,37.956,0.413,-1.573,4.583,-3.142,2.465,2.133,2.234
c1c3,X,vv,0.0,80.0,-24.52,24.106,0.876,-2.348,4.294,-2.735,3.446,1.242,4.823
c1c3,X,hv,20.0,70.0,-18.613,99.0,10.485,-0.589,8.628,-3.142,-9.0,12.194,-0.014
c1c3,Ka,hh,NULL,NULL,NULL,NULL,NULL,NULL,NULL,NULL,NULL,NULL,NULL
c1c3,Ka,vv,NULL,NULL,NULL,NULL,NULL,NULL,NULL,NULL,NULL,NULL,NULL
c1c3,Ka,hv,NULL,NULL,NULL,NULL,NULL,NULL,NULL,NULL,NULL,NULL,NULL
c1c3,W,hh,NULL,NULL,NULL,NULL,NULL,NULL,NULL,NULL,NULL,NULL,NULL
c1c3,W,vv,NULL,NULL,NULL,NULL,NULL,NULL,NULL,NULL,NULL,NULL,NULL
c1c3,W,hv,NULL,NULL,NULL,NULL,NULL,NULL,NULL,NULL,NULL,NULL,NULL
c1c3,S,hh,0.0,80.0,-19.808,24.357,3.01,-1.049,7.144,-3.142,3.389,3.114,5.892
c1c3,S,vv,0.0,80.0,-20.95,26.234,2.811,-0.513,7.101,-3.142,3.303,3.435,4.579
c1c3,S,hv,0.0,80.0,-29.305,18.6,2.988,-1.979,3.267,0.727,3.119,0.822,2.865
d,C,hh,NULL,NULL,NULL,NULL,NULL,NULL,NULL,NULL,NULL,NULL,NULL
d,C,vv,NULL,NULL,NULL,NULL,NULL,NULL,NULL,NULL,NULL,NULL,NULL
d,C,hv,NULL,NULL,NULL,NULL,NULL,NULL,NULL,NULL,NULL,NULL,NULL
d,L,hh,NULL,NULL,NULL,NULL,NULL,NULL,NULL,NULL,NULL,NULL,NULL
d,L,vv,NULL,NULL,NULL,NULL,NULL,NULL,NULL,NULL,NULL,NULL,NULL
d,L,hv,NULL,NULL,NULL,NULL,NULL,NULL,NULL,NULL,NULL,NULL,NULL
d,Ku,hh,10.0,70.0,-90.341,82.9,0.03,1.651,5.0,0.038,5.49,0.001,-6.35
d,Ku,vv,10.0,70.0,-38.159,30.32,0.048,1.913,4.356,0.368,6.263,-0.84,0.064
d,Ku,hv,NULL,NULL,NULL,NULL,NULL,NULL,NULL,NULL,NULL,NULL,NULL
d,X,hh,10.0,60.0,-94.472,99.0,0.892,30.0,1.562,-1.918,4.731,-0.007,-3.983
d,X,vv,10.0,60.0,-59.56,39.284,1.598,30.0,1.184,-1.178,4.26,-0.002,-4.807
d,X,hv,NULL,NULL,NULL,NULL,NULL,NULL,NULL,NULL,NULL,NULL,NULL
d,Ka,hh,10.0,70.0,-94.9,99.0,0.694,30.0,1.342,-1.718,7.151,-5.201,0.778
d,Ka,vv,10.0,70.0,-84.761,99.0,0.797,-30.0,1.597,1.101,3.174,0.001,0.095
d,Ka,hv,NULL,NULL,NULL,NULL,NULL,NULL,NULL,NULL,NULL,NULL,NULL
d,W,hh,NULL,NULL,NULL,NULL,NULL,NULL,NULL,NULL,NULL,NULL,NULL
d,W,vv,NULL,NULL,NULL,NULL,NULL,NULL,NULL,NULL,NULL,NULL,NULL
d,W,hv,NULL,NULL,NULL,NULL,NULL,NULL,NULL,NULL,NULL,NULL,NULL
d,S,hh,NULL,NULL,NULL,NULL,NULL,NULL,NULL,NULL,NULL,NULL,NULL
d,S,vv,NULL,NULL,NULL,NULL,NULL,NULL,NULL,NULL,NULL,NULL,NULL
d,S,hv,NULL,NULL,NULL,NULL,NULL,NULL,NULL,NULL,NULL,NULL,NULL
c3d,C,hh,5.0,50.0,-90.287,99.0,0.44,9.181,3.103,-3.142,-9.0,13.046,0.136
c3d,C,vv,NULL,NULL,NULL,NULL,NULL,NULL,NULL,NULL,NULL,NULL,NULL
c3d,C,hv,5.0,50.0,-99.0,95.929,0.314,9.036,2.769,-3.142,3.854,-0.418,-1.935
c3d,L,hh,5.0,50.0,-17.243,45.908,8.871,4.184,7.805,-2.961,-8.517,15.0,0.209
c3d,L,vv,NULL,NULL,NULL,NULL,NULL,NULL,NULL,NULL,NULL,NULL,NULL
c3d,L,hv,NULL,NULL,NULL,NULL,NULL,NULL,NULL,NULL,NULL,NULL,NULL
c3d,Ku,hh,10.0,70.0,-37.077,9.361,4.651,-30.0,0.474,3.142,1.627,15.0,9.453
c3d,Ku,vv,10.0,70.0,-99.0,99.0,0.112,-1.901,2.792,-0.915,2.056,13.793,10.689
c3d,Ku,hv,40.0,70.0,-42.141,0.0,0.0,30.0,-0.572,0.299,-9.0,13.334,0.203
c3d,X,hh,10.0,70.0,-99.0,99.0,0.136,-1.611,4.107,-1.799,1.887,15.0,9.156
c3d,X,vv,10.0,70.0,-80.004,99.0,0.532,-21.69,1.43,0.652,1.805,15.0,9.099
c3d,X,hv,40.0,70.0,-39.231,0.0,0.0,30.0,-0.221,-0.424,3.701,-0.417,-1.321
c3d,Ka,hh,NULL,NULL,NULL,NULL,NULL,NULL,NULL,NULL,NULL,NULL,NULL
c3d,Ka,vv,NULL,NULL,NULL,NULL,NULL,NULL,NULL,NULL,NULL,NULL,NULL
c3d,Ka,hv,NULL,NULL,NULL,NULL,NULL,NULL,NULL,NULL,NULL,NULL,NULL
c3d,W,hh,NULL,NULL,NULL,NULL,NULL,NULL,NULL,NULL,NULL,NULL,NULL
c3d,W,vv,NULL,NULL,NULL,NULL,NULL,NULL,NULL,NULL,NULL,NULL,NULL
c3d,W,hv,NULL,NULL,NULL,NULL,NULL,NULL,NULL,NULL,NULL,NULL,NULL
c3d,S,hh,NULL,NULL,NULL,NULL,NULL,NULL,NULL,NULL,NULL,NULL,NULL
c3d,S,vv,NULL,NULL,NULL,NULL,NULL,NULL,NULL,NULL,NULL,NULL,NULL
c3d,S,hv,NULL,NULL,NULL,NULL,NULL,NULL,NULL,NULL,NULL,NULL,NULL
c3c,C,hh,0.0,80.0,-94.5,99.0,0.244,6.253,2.059,-3.142,1.766,3.104,2.091
c3c,C,vv,0.0,80.0,-93.32,99.0,0.275,7.377,2.245,-3.142,1.712,3.349,3.576
c3c,C,hv,0.0,80.0,-99.0,90.328,0.146,3.953,2.283,-3.142,12.9,-9.0,-0.146
c3c,L,hh,0.0,80.0,-25.964,27.744,2.643,0.372,4.644,-3.142,-9.0,14.54,0.069
c3c,L,vv,0.0,80.0,-25.45,27.747,2.653,1.319,-3.055,3.142,-9.0,13.899,0.051
c3c,L,hv,0.0,80.0,-64.341,10.552,2.087,30.0,0.0,0.0,3.525,-0.019,-2.831
c3c,Ku,hh,0.0,80.0,-99.0,96.161,0.089,1.044,3.544,-3.142,1.739,1.68,2.245
c3c,Ku,vv,0.0,80.0,-99.0,96.21,0.081,-0.215,7.008,-3.142,2.11,1.015,3.152
c3c,Ku,hv,40.0,70.0,-41.499,0.0,0.0,30.0,0.796,-0.433,1.903,0.001,-4.981
c3c,X,hh,0.0,80.0,-99.0,95.02,0.088,0.488,9.726,-3.142,1.825,1.954,2.401
c3c,X,vv,0.0,80.0,-99.0,95.178,0.087,0.585,9.739,-3.142,2.456,1.076,3.178
c3c,X,hv,20.0,70.0,-16.402,0.0,0.0,1.328,5.221,-3.142,-9.0,13.555,0.095
c3c,Ka,hh,20.0,70.0,-44.672,37.912,0.062,-3.848,1.485,3.142,-9.0,11.217,-0.042
c3c,Ka,vv,20.0,70.0,-59.049,46.135,0.106,-10.476,0.626,3.142,-9.0,10.785,-0.075
c3c,Ka,hv,NULL,NULL,NULL,NULL,NULL,NULL,NULL,NULL,NULL,NULL,NULL
c3c,W,hh,NULL,NULL,NULL,NULL,NULL,NULL,NULL,NULL,NULL,NULL,NULL
c3c,W,vv,NULL,NULL,NULL,NULL,NULL,NULL,NULL,NULL,NULL,NULL,NULL
c3c,W,hv,NULL,NULL,NULL,NULL,NULL,NULL,NULL,NULL,NULL,NULL,NULL
c3c,S,hh,0.0,80.0,-19.85,19.944,2.767,0.732,-4.508,-3.142,2.255,2.744,3.971
c3c,S,vv,0.0,80.0,-19.848,18.195,2.346,-0.852,10.827,-3.142,1.966,2.626,3.717
c3c,S,hv,0.0,80.0,-99.0,79.51,0.073,0.0,0.0,0.0,-9.0,12.288,0.111
b3,C,hh,NULL,NULL,NULL,NULL,NULL,NULL,NULL,NULL,NULL,NULL,NULL
b3,C,vv,NULL,NULL,NULL,NULL,NULL,NULL,NULL,NULL,NULL,NULL,NULL
b3,C,hv,NULL,NULL,NULL,NULL,NULL,NULL,NULL,NULL,NULL,NULL,NULL
b3,L,hh,NULL,NULL,NULL,NULL,NULL,NULL,NULL,NULL,NULL,NULL,NULL
b3,L,vv,NULL,NULL,NULL,NULL,NULL,NULL,NULL,NULL,NULL,NULL,NULL
b3,L,hv,NULL,NULL,NULL,NULL,NULL,NULL,NULL,NULL,NULL,NULL,NULL
b3,Ku,hh,10.0,70.0,-26.334,27.892,1.379,3.995,3.056,-3.142,13.467,-9.0,-0.152
b3,Ku,vv,10.0,70.0,94.977,-99.0,-0.115,2.182,4.166,1.544,12.325,-9.0,-0.087
b3,Ku,hv,NULL,NULL,NULL,NULL,NULL,NULL,NULL,NULL,NULL,NULL,NULL
b3,X,hh,0.0,70.0,-5.465,-2.407,-1.283,0.931,5.994,-0.757,13.014,-9.0,-0.014
b3,X,vv,0.0,70.0,-5.498,-2.032,-1.436,1.017,5.723,-0.711,2.755,1.298,3.802
b3,X,hv,NULL,NULL,NULL,NULL,NULL,NULL,NULL,NULL,NULL,NULL,NULL
b3,Ka,hh,NULL,NULL,NULL,NULL,NULL,NULL,NULL,NULL,NULL,NULL,NULL
b3,Ka,vv,NULL,NULL,NULL,NULL,NULL,NULL,NULL,NULL,NULL,NULL,NULL
b3,Ka,hv,NULL,NULL,NULL,NULL,NULL,NULL,NULL,NULL,NULL,NULL,NULL
b3,W,hh,NULL,NULL,NULL,NULL,NULL,NULL,NULL,NULL,NULL,NULL,NULL
b3,W,vv,NULL,NULL,NULL,NULL,NULL,NULL,NULL,NULL,NULL,NULL,NULL
b3,W,hv,NULL,NULL,NULL,NULL,NULL,NULL,NULL,NULL,NULL,NULL,NULL
b3,S,hh,NULL,NULL,NULL,NULL,NULL,NULL,NULL,NULL,NULL,NULL,NULL
b3,S,vv,NULL,NULL,NULL,NULL,NULL,NULL,NULL,NULL,NULL,NULL,NULL
b3,S,hv,NULL,NULL,NULL,NULL,NULL,NULL,NULL,NULL,NULL,NULL,NULL
f,C,hh,0.0,70.0,-42.864,20.762,10.0,30.0,0.763,-0.147,4.398,0.0,0.0
f,C,vv,0.0,70.0,-19.765,19.83,10.0,7.089,1.54,-0.012,13.37,-9.0,-0.016
f,C,hv,0.0,70.0,-25.543,16.64,10.0,-2.959,3.116,2.085,13.903,-9.0,-0.085
f,L,hh,0.0,70.0,-74.019,99.0,1.592,-30.0,1.928,0.905,-9.0,13.672,0.064
f,L,vv,0.0,70.0,-77.032,99.0,1.415,-30.0,1.72,0.997,4.487,-0.001,-5.725
f,L,hv,0.0,70.0,-91.341,99.0,1.202,30.0,1.79,-2.304,5.377,-0.571,3.695
f,Ku,hh,0.0,75.0,-36.188,15.34,10.0,30.0,0.716,-0.186,3.027,-0.033,0.055
f,Ku,vv,0.0,70.0,-10.038,13.975,10.0,-6.197,1.513,3.142,12.541,-9.0,-0.032
f,Ku,hv,0.0,75.0,-16.794,20.584,3.263,-2.243,5.0,0.096,12.434,-9.0,0.077
f,X,hh,0.0,75.0,-13.298,20.048,10.0,4.529,2.927,-1.173,2.653,0.01,-2.457
f,X,vv,0.0,70.0,-11.46,17.514,10.0,4.891,3.135,-0.888,12.339,-9.0,-0.072
f,X,hv,20.0,75.0,-18.315,99.0,10.0,4.463,3.956,-2.128,2.46,1e-05,-8.314
f,Ka,hh,0.0,75.0,-84.161,99.0,0.298,8.931,2.702,-3.142,-9.0,13.475,0.058
f,Ka,vv,0.0,70.0,-87.531,99.0,0.222,7.389,2.787,-3.142,-9.0,13.748,0.076
f,Ka,hv,NULL,NULL,NULL,NULL,NULL,NULL,NULL,NULL,NULL,NULL,NULL
f,W,hh,NULL,NULL,NULL,NULL,NULL,NULL,NULL,NULL,NULL,NULL,NULL
f,W,vv,0.0,75.0,-6.296,5.737,10.0,5.738,-2.356,1.065,3.364,0.0,0.0
f,W,hv,NULL,NULL,NULL,NULL,NULL,NULL,NULL,NULL,NULL,NULL,NULL
f,S,hh,0.0,70.0,-47.055,30.164,5.788,30.0,1.188,-0.629,3.572,-2e-05,-9.0
f,S,vv,0.0,70.0,-40.652,18.826,9.211,30.0,0.69,0.214,-9.0,12.516,0.075
f,S,hv,0.0,70.0,-54.29,13.292,10.0,-30.0,-0.715,3.142,13.194,-9.0,-0.11
c3c2,C,hh,0.0,80.0,-94.193,99.0,0.248,6.519,2.011,-3.142,1.738,3.142,2.102
c3c2,C,vv,0.0,80.0,-93.24,99.0,0.276,7.441,2.224,-3.142,1.632,3.435,3.491
c3c2,C,hv,0.0,80.0,-99.0,90.433,0.148,4.044,2.268,-3.142,12.858,-9.0,-0.153
c3c2,L,hh,0.0,80.0,-25.964,27.744,2.643,0.372,4.644,-3.142,-9.0,14.54,0.069
c3c2,L,vv,0.0,80.0,-25.45,27.747,2.653,1.319,-3.055,3.142,-9.0,13.899,0.051
c3c2,L,hv,0.0,80.0,-64.341,10.552,2.087,30.0,0.0,0.0,3.525,-0.019,-2.831
c3c2,Ku,hh,0.0,80.0,-99.0,96.161,0.089,1.044,3.544,-3.142,1.739,1.68,2.245
c3c2,Ku,vv,0.0,80.0,-99.0,96.21,0.081,-0.215,7.008,-3.142,2.11,1.015,3.152
c3c2,Ku,hv,40.0,70.0,-41.499,0.0,0.0,30.0,0.796,-0.433,1.903,0.001,-4.981
c3c2,X,hh,0.0,80.0,-99.0,94.939,0.088,0.463,9.659,-3.142,1.77,2.014,2.267
c3c2,X,vv,0.0,80.0,-99.0,95.159,0.087,0.585,9.739,-3.142,2.44,1.1,3.241
c3c2,X,hv,20.0,70.0,-99.0,72.23,-0.157,7.506,2.865,-0.951,3.655,-2e-05,-9.0
c3c2,Ka,hh,20.0,70.0,-37.609,24.09,-0.153,-8.771,1.494,3.142,2.355,-9.0,9.291
c3c2,Ka,vv,20.0,70.0,-59.049,46.135,0.106,-10.476,0.626,3.142,-9.0,10.785,-0.075
c3c2,Ka,hv,NULL,NULL,NULL,NULL,NULL,NULL,NULL,NULL,NULL,NULL,NULL
c3c2,W,hh,NULL,NULL,NULL,NULL,NULL,NULL,NULL,NULL,NULL,NULL,NULL
c3c2,W,vv,NULL,NULL,NULL,NULL,NULL,NULL,NULL,NULL,NULL,NULL,NULL
c3c2,W,hv,NULL,NULL,NULL,NULL,NULL,NULL,NULL,NULL,NULL,NULL,NULL
c3c2,S,hh,0.0,80.0,-19.85,19.944,2.767,0.732,-4.508,-3.142,2.255,2.744,3.971
c3c2,S,vv,0.0,80.0,-19.848,18.195,2.346,-0.852,10.827,-3.142,1.966,2.626,3.717
c3c2,S,hv,0.0,80.0,-99.0,79.51,0.073,0.0,0.0,0.0,-9.0,12.288,0.111
c3a2,C,hh,0.0,80.0,-57.034,47.152,1.18,30.0,1.115,-1.389,-9.0,11.894,0.094
c3a2,C,vv,0.0,80.0,-91.033,99.0,0.568,30.0,1.241,-1.982,-9.0,11.754,0.086
c3a2,C,hv,0.0,80.0,-99.0,88.168,0.139,4.22,2.741,-3.142,11.929,-9.0,-0.094
c3a2,L,hh,0.0,80.0,-24.56,22.595,3.63,0.964,6.068,-3.142,-9.0,11.753,0.03
c3a2,L,vv,0.0,80.0,-78.365,99.0,0.77,30.0,-1.369,2.497,11.45,-9.0,-0.051
c3a2,L,hv,0.0,80.0,-64.0,9.254,1.057,30.0,0.0,0.0,2.657,0.0,0.0
c3a2,Ku,hh,0.0,80.0,-99.0,99.0,0.125,-3.001,2.729,0.054,2.19,0.588,6.507
c3a2,Ku,vv,0.0,80.0,-93.434,99.0,0.413,-24.481,1.248,1.241,2.217,0.462,7.148
c3a2,Ku,hv,40.0,70.0,-40.299,0.0,0.0,30.0,0.86,-0.551,-9.0,11.21,-0.015
c3a2,X,hh,0.0,80.0,-99.0,94.811,0.076,-0.709,6.668,-3.142,1.858,1.305,3.145
c3a2,X,vv,0.0,80.0,-99.0,99.0,0.153,-3.852,2.766,0.059,1.973,1.116,2.854
c3a2,X,hv,40.0,70.0,-19.4,-0.001,-5.755,30.0,-0.163,-1.233,2.359,0.0,0.0
c3a2,Ka,hh,NULL,NULL,NULL,NULL,NULL,NULL,NULL,NULL,NULL,NULL,NULL
c3a2,Ka,vv,NULL,NULL,NULL,NULL,NULL,NULL,NULL,NULL,NULL,NULL,NULL
c3a2,Ka,hv,NULL,NULL,NULL,NULL,NULL,NULL,NULL,NULL,NULL,NULL,NULL
c3a2,W,hh,NULL,NULL,NULL,NULL,NULL,NULL,NULL,NULL,NULL,NULL,NULL
c3a2,W,vv,NULL,NULL,NULL,NULL,NULL,NULL,NULL,NULL,NULL,NULL,NULL
c3a2,W,hv,NULL,NULL,NULL,NULL,NULL,NULL,NULL,NULL,NULL,NULL,NULL
c3a2,S,hh,0.0,80.0,-19.162,15.992,3.082,0.592,-5.0,-3.142,-9.0,11.894,0.065
c3a2,S,vv,0.0,80.0,-17.542,13.827,2.357,-0.808,5.827,-2.148,1.25,1.637,0.689
c3a2,S,hv,0.0,80.0,-99.0,89.722,0.441,22.569,-1.379,2.097,3.261,-0.783,-0.595
b1,C,hh,NULL,NULL,NULL,NULL,NULL,NULL,NULL,NULL,NULL,NULL,NULL
b1,C,vv,NULL,NULL,NULL,NULL,NULL,NULL,NULL,NULL,NULL,NULL,NULL
b1,C,hv,NULL,NULL,NULL,NULL,NULL,NULL,NULL,NULL,NULL,NULL,NULL
b1,L,hh,NULL,NULL,NULL,NULL,NULL,NULL,NULL,NULL,NULL,NULL,NULL
b1,L,vv,NULL,NULL,NULL,NULL,NULL,NULL,NULL,NULL,NULL,NULL,NULL
b1,L,hv,NULL,NULL,NULL,NULL,NULL,NULL,NULL,NULL,NULL,NULL,NULL
b1,Ku,hh,0.0,80.0,-10.47,-0.761,-1.433,1.922,2.258,1.164,12.126,-9.0,-0.138
b1,Ku,vv,0.0,80.0,88.259,-99.0,-0.05,0.795,6.477,-0.885,12.126,-9.0,-0.138
b1,Ku,hv,0.0,80.0,87.696,-99.0,-0.04,0.606,8.397,-1.864,11.512,-9.0,-0.103
b1,X,hh,0.0,70.0,-12.711,1.454,15.0,2.093,2.827,-0.48,12.179,-9.0,-0.018
b1,X,vv,0.0,70.0,-38.631,7e-06,-10.0,30.0,0.452,0.215,2.718,1.189,5.338
b1,X,hv,0.0,80.0,6.998,-18.766,-0.171,0.582,9.179,-2.159,11.523,-9.0,-0.095
b1,Ka,hh,NULL,NULL,NULL,NULL,NULL,NULL,NULL,NULL,NULL,NULL,NULL
b1,Ka,vv,NULL,NULL,NULL,NULL,NULL,NULL,NULL,NULL,NULL,NULL,NULL
b1,Ka,hv,NULL,NULL,NULL,NULL,NULL,NULL,NULL,NULL,NULL,NULL,NULL
b1,W,hh,NULL,NULL,NULL,NULL,NULL,NULL,NULL,NULL,NULL,NULL,NULL
b1,W,vv,NULL,NULL,NULL,NULL,NULL,NULL,NULL,NULL,NULL,NULL,NULL
b1,W,hv,NULL,NULL,NULL,NULL,NULL,NULL,NULL,NULL,NULL,NULL,NULL
b1,S,hh,NULL,NULL,NULL,NULL,NULL,NULL,NULL,NULL,NULL,NULL,NULL
b1,S,vv,NULL,NULL,NULL,NULL,NULL,NULL,NULL,NULL,NULL,NULL,NULL
b1,S,hv,NULL,NULL,NULL,NULL,NULL,NULL,NULL,NULL,NULL,NULL,NULL
b,C,hh,NULL,NULL,NULL,NULL,NULL,NULL,NULL,NULL,NULL,NULL,NULL
b,C,vv,NULL,NULL,NULL,NULL,NULL,NULL,NULL,NULL,NULL,NULL,NULL
b,C,hv,NULL,NULL,NULL,NULL,NULL,NULL,NULL,NULL,NULL,NULL,NULL
b,L,hh,NULL,NULL,NULL,NULL,NULL,NULL,NULL,NULL,NULL,NULL,NULL
b,L,vv,NULL,NULL,NULL,NULL,NULL,NULL,NULL,NULL,NULL,NULL,NULL
b,L,hv,NULL,NULL,NULL,NULL,NULL,NULL,NULL,NULL,NULL,NULL,NULL
b,Ku,hh,0.0,80.0,-39.042,1e-06,-10.0,30.0,0.412,0.207,13.486,-9.0,-0.154
b,Ku,vv,0.0,80.0,-39.612,1e-06,-10.0,30.0,0.528,0.023,13.475,-9.0,-0.154
b,Ku,hv,0.0,80.0,-40.926,1e-06,-10.0,30.0,0.424,0.138,12.614,-9.0,-0.124
b,X,hh,0.0,70.0,-12.078,1e-05,-10.0,4.574,1.171,0.583,13.144,-9.0,-0.073
b,X,vv,0.0,80.0,-11.751,2e-06,-10.0,3.596,2.033,0.122,0.816,3.349,0.347
b,X,hv,0.0,80.0,88.003,-99.0,-0.05,1.388,6.204,-2.003,12.471,-9.0,-0.125
b,Ka,hh,NULL,NULL,NULL,NULL,NULL,NULL,NULL,NULL,NULL,NULL,NULL
b,Ka,vv,NULL,NULL,NULL,NULL,NULL,NULL,NULL,NULL,NULL,NULL,NULL
b,Ka,hv,NULL,NULL,NULL,NULL,NULL,NULL,NULL,NULL,NULL,NULL,NULL
b,W,hh,NULL,NULL,NULL,NULL,NULL,NULL,NULL,NULL,NULL,NULL,NULL
b,W,vv,NULL,NULL,NULL,NULL,NULL,NULL,NULL,NULL,NULL,NULL,NULL
b,W,hv,NULL,NULL,NULL,NULL,NULL,NULL,NULL,NULL,NULL,NULL,NULL
b,S,hh,NULL,NULL,NULL,NULL,NULL,NULL,NULL,NULL,NULL,NULL,NULL
b,S,vv,NULL,NULL,NULL,NULL,NULL,NULL,NULL,NULL,NULL,NULL,NULL
b,S,hv,NULL,NULL,NULL,NULL,NULL,NULL,NULL,NULL,NULL,NULL,NULL
c1,C,hh,0.0,80.0,-15.75,17.931,2.369,-1.502,4.592,-3.142,1.706,4.009,1.082
c1,C,vv,0.0,80.0,-93.606,99.0,0.22,-5.509,-2.964,1.287,2.796,3.173,2.107
c1,C,hv,0.0,80.0,-23.109,13.591,1.508,-0.757,4.491,-3.142,-9.0,14.478,0.114
c1,L,hh,0.0,80.0,-29.235,37.55,2.332,-2.615,5.0,-1.616,-9.0,14.268,-0.003
c1,L,vv,0.0,80.0,-28.022,36.59,2.53,-1.53,5.0,-1.513,-9.0,14.239,-0.001
c1,L,hv,0.0,80.0,-40.166,26.833,2.029,-1.473,3.738,-1.324,-9.0,13.868,0.07
c1,Ku,hh,0.0,80.0,-88.494,99.0,0.246,10.297,-1.36,3.142,2.0,1.916,1.068
c1,Ku,vv,0.0,80.0,-16.263,16.074,1.873,1.296,5.0,-0.695,-9.0,12.773,0.032
c1,Ku,hv,40.0,70.0,-22.102,68.807,4.131,-4.57,1.952,0.692,3.453,-2.926,3.489
c1,X,hh,0.0,80.0,-33.288,32.98,0.51,-1.343,4.874,-3.142,2.933,1.866,3.876
c1,X,vv,0.0,80.0,-22.177,21.891,1.054,-1.916,4.555,-2.866,3.559,1.143,5.71
c1,X,hv,20.0,70.0,-48.245,47.246,10.0,-30.0,-0.19,3.142,-9.0,12.529,0.008
c1,Ka,hh,10.0,70.0,-99.0,92.382,0.038,1.169,5.0,-1.906,3.451,-1.118,1.593
c1,Ka,vv,10.0,70.0,-99.0,91.853,0.038,1.1,5.0,-2.05,2.981,-2.604,5.095
c1,Ka,hv,NULL,NULL,NULL,NULL,NULL,NULL,NULL,NULL,NULL,NULL,NULL
c1,W,hh,NULL,NULL,NULL,NULL,NULL,NULL,NULL,NULL,NULL,NULL,NULL
c1,W,vv,NULL,NULL,NULL,NULL,NULL,NULL,NULL,NULL,NULL,NULL,NULL
c1,W,hv,NULL,NULL,NULL,NULL,NULL,NULL,NULL,NULL,NULL,NULL,NULL
c1,S,hh,0.0,80.0,-20.361,25.727,2.979,-1.13,5.0,-1.916,3.313,3.076,3.759
c1,S,vv,0.0,80.0,-21.198,26.694,2.828,-0.612,5.0,-2.079,3.139,3.413,3.042
c1,S,hv,0.0,80.0,-29.035,18.055,2.8,-1.556,4.534,-0.464,0.779,3.58,0.317
c3a1,C,hh,0.0,80.0,-89.052,99.0,0.299,8.036,1.776,-3.142,2.374,2.365,3.587
c3a1,C,vv,0.0,80.0,-88.578,99.0,0.319,8.927,2.007,-3.142,1.681,3.142,1.983
c3a1,C,hv,0.0,80.0,-99.0,92.079,0.157,3.867,1.827,-3.142,13.383,-9.0,-0.198
c3a1,L,hh,0.0,80.0,-31.469,35.18,1.17,1.163,4.478,-3.142,-9.0,14.191,0.094
c3a1,L,vv,0.0,80.0,-83.029,99.0,0.489,13.964,-1.929,3.142,1.893,2.381,1.158
c3a1,L,hv,0.0,80.0,-99.0,99.0,0.091,-18.539,0.0,0.0,4.314,-0.266,-1.49
c3a1,Ku,hh,0.0,80.0,-97.383,99.0,0.119,-1.206,5.519,-3.142,1.754,4.378,2.248
c3a1,Ku,vv,0.0,80.0,-99.0,99.0,0.101,-0.871,5.866,-3.142,2.12,3.703,2.667
c3a1,Ku,hv,40.0,70.0,-40.92,0.0,0.0,30.0,0.857,-0.557,-9.0,12.138,0.07
c3a1,X,hh,0.0,80.0,-99.0,99.0,0.12,-1.166,4.919,-3.142,1.596,4.757,2.17
c3a1,X,vv,0.0,80.0,-97.987,99.0,0.136,-1.119,5.787,-3.142,1.74,4.597,2.398
c3a1,X,hv,20.0,70.0,-99.0,48.321,-0.456,30.0,1.455,-0.128,2.746,0.0,0.0
c3a1,Ka,hh,NULL,NULL,NULL,NULL,NULL,NULL,NULL,NULL,NULL,NULL,NULL
c3a1,Ka,vv,NULL,NULL,NULL,NULL,NULL,NULL,NULL,NULL,NULL,NULL,NULL
c3a1,Ka,hv,NULL,NULL,NULL,NULL,NULL,NULL,NULL,NULL,NULL,NULL,NULL
c3a1,W,hh,NULL,NULL,NULL,NULL,NULL,NULL,NULL,NULL,NULL,NULL,NULL
c3a1,W,vv,NULL,NULL,NULL,NULL,NULL,NULL,NULL,NULL,NULL,NULL,NULL
c3a1,W,hv,NULL,NULL,NULL,NULL,NULL,NULL,NULL,NULL,NULL,NULL,NULL
c3a1,S,hh,0.0,80.0,-24.707,24.934,1.36,-0.971,-4.961,-3.142,1.876,2.512,1.76
c3a1,S,vv,0.0,80.0,-19.164,18.515,1.704,-1.631,6.063,-3.142,2.614,1.974,5.337
c3a1,S,hv,0.0,80.0,-99.0,65.29,-0.133,22.117,-0.853,-0.729,12.574,-9.0,-0.143
a4,C,hh,5.0,30.0,-93.171,99.0,0.245,-5.106,0.0,0.0,5.72,0.0,0.0
a4,C,vv,5.0,30.0,-71.269,99.0,0.196,-30.0,0.0,0.0,6.609,-4.737,15.0
a4,C,hv,NULL,NULL,NULL,NULL,NULL,NULL,NULL,NULL,NULL,NULL,NULL
a4,L,hh,NULL,NULL,NULL,NULL,NULL,NULL,NULL,NULL,NULL,NULL,NULL
a4,L,vv,NULL,NULL,NULL,NULL,NULL,NULL,NULL,NULL,NULL,NULL,NULL
a4,L,hv,NULL,NULL,NULL,NULL,NULL,NULL,NULL,NULL,NULL,NULL,NULL
a4,Ku,hh,NULL,NULL,NULL,NULL,NULL,NULL,NULL,NULL,NULL,NULL,NULL
a4,Ku,vv,NULL,NULL,NULL,NULL,NULL,NULL,NULL,NULL,NULL,NULL,NULL
a4,Ku,hv,NULL,NULL,NULL,NULL,NULL,NULL,NULL,NULL,NULL,NULL,NULL
a4,X,hh,NULL,NULL,NULL,NULL,NULL,NULL,NULL,NULL,NULL,NULL,NULL
a4,X,vv,NULL,NULL,NULL,NULL,NULL,NULL,NULL,NULL,NULL,NULL,NULL
a4,X,hv,NULL,NULL,NULL,NULL,NULL,NULL,NULL,NULL,NULL,NULL,NULL
a4,Ka,hh,NULL,NULL,NULL,NULL,NULL,NULL,NULL,NULL,NULL,NULL,NULL
a4,Ka,vv,NULL,NULL,NULL,NULL,NULL,NULL,NULL,NULL,NULL,NULL,NULL
a4,Ka,hv,NULL,NULL,NULL,NULL,NULL,NULL,NULL,NULL,NULL,NULL,NULL
a4,W,hh,NULL,NULL,NULL,NULL,NULL,NULL,NULL,NULL,NULL,NULL,NULL
a4,W,vv,NULL,NULL,NULL,NULL,NULL,NULL,NULL,NULL,NULL,NULL,NULL
a4,W,hv,NULL,NULL,NULL,NULL,NULL,NULL,NULL,NULL,NULL,NULL,NULL
a4,S,hh,NULL,NULL,NULL,NULL,NULL,NULL,NULL,NULL,NULL,NULL,NULL
a4,S,vv,NULL,NULL,NULL,NULL,NULL,NULL,NULL,NULL,NULL,NULL,NULL
a4,S,hv,NULL,NULL,NULL,NULL,NULL,NULL,NULL,NULL,NULL,NULL,NULL
g,C,hh,0.0,70.0,-31.91,17.749,11.854,30.0,0.421,0.74,-9.0,13.0,-0.031
g,C,vv,0.0,70.0,4.288,15.642,15.0,30.0,0.535,1.994,4.206,0.015,-2.804
g,C,hv,0.0,70.0,-24.622,15.102,15.0,-3.401,2.431,3.142,13.553,-9.0,-0.036
g,L,hh,0.0,70.0,-73.069,95.221,1.548,30.0,1.795,-2.126,-9.0,14.416,0.109
g,L,vv,0.0,70.0,-75.156,99.0,1.446,30.0,1.793,-2.179,5.23,-0.283,-1.557
g,L,hv,0.0,70.0,-90.98,99.0,1.129,30.0,1.827,-2.308,4.879,0.349,15.0
g,Ku,hh,0.0,75.0,9.715,11.701,15.0,30.0,0.526,2.038,-9.0,13.066,-0.042
g,Ku,vv,0.0,70.0,-9.08,13.312,15.0,-4.206,2.403,3.142,-9.0,14.014,0.043
g,Ku,hv,0.0,75.0,-79.693,99.0,0.981,30.0,-1.458,2.173,5.631,-1.058,1.844
g,X,hh,0.0,70.0,10.02,7.909,15.0,30.0,0.828,2.073,3.506,0.47,15.0
g,X,vv,0.0,70.0,10.952,6.473,15.0,30.0,0.777,2.081,4.159,0.15,1.291
g,X,hv,0.0,75.0,4.495,10.451,15.0,-30.0,-0.746,1.083,11.605,-9.0,0.104
g,Ka,hh,0.0,70.0,43.63,-13.027,-0.86,29.13,1.094,2.802,-8.198,15.0,-0.082
g,Ka,vv,0.0,70.0,-33.899,7.851,15.0,30.0,0.78,-0.374,5.488,1.413,0.552
g,Ka,hv,NULL,NULL,NULL,NULL,NULL,NULL,NULL,NULL,NULL,NULL,NULL
g,W,hh,NULL,NULL,NULL,NULL,NULL,NULL,NULL,NULL,NULL,NULL,NULL
g,W,vv,40.0,75.0,-22.126,99.0,2.466,0.0,0.0,0.0,4.134,15.0,3.991
g,W,hv,NULL,NULL,NULL,NULL,NULL,NULL,NULL,NULL,NULL,NULL,NULL
g,S,hh,0.0,70.0,-45.772,25.16,5.942,30.0,0.929,-0.284,12.944,-9.0,-0.079
g,S,vv,0.0,70.0,-39.328,18.594,8.046,30.0,0.666,0.269,1.157,2.904,0.605
g,S,hv,0.0,70.0,-42.94,9.935,15.0,30.0,0.438,0.712,3.276,1.027,8.958
a2,C,hh,0.0,40.0,-99.0,93.404,-0.006,-4.964,-5.0,3.142,0.475,4.432,0.95
a2,C,vv,0.0,40.0,-68.508,99.0,0.18,-30.0,0.0,0.0,-1.606,6.525,0.59
a2,C,hv,0.0,40.0,-99.0,55.517,0.172,30.0,0.0,0.0,4.133,-0.095,15.0
a2,L,hh,0.0,30.0,-64.93,99.0,0.413,30.0,0.518,-3.142,3.338,0.381,15.0
a2,L,vv,0.0,30.0,-96.881,99.0,0.284,-2.297,7.671,-3.142,-9.0,12.462,0.056
a2,L,hv,0.0,30.0,-30.266,20.051,1.68,-6.632,0.0,0.0,2.948,-0.351,5.898
a2,Ku,hh,NULL,NULL,NULL,NULL,NULL,NULL,NULL,NULL,NULL,NULL,NULL
a2,Ku,vv,NULL,NULL,NULL,NULL,NULL,NULL,NULL,NULL,NULL,NULL,NULL
a2,Ku,hv,NULL,NULL,NULL,NULL,NULL,NULL,NULL,NULL,NULL,NULL,NULL
a2,X,hh,NULL,NULL,NULL,NULL,NULL,NULL,NULL,NULL,NULL,NULL,NULL
a2,X,vv,NULL,NULL,NULL,NULL,NULL,NULL,NULL,NULL,NULL,NULL,NULL
a2,X,hv,NULL,NULL,NULL,NULL,NULL,NULL,NULL,NULL,NULL,NULL,NULL
a2,Ka,hh,NULL,NULL,NULL,NULL,NULL,NULL,NULL,NULL,NULL,NULL,NULL
a2,Ka,vv,NULL,NULL,NULL,NULL,NULL,NULL,NULL,NULL,NULL,NULL,NULL
a2,Ka,hv,NULL,NULL,NULL,NULL,NULL,NULL,NULL,NULL,NULL,NULL,NULL
a2,W,hh,NULL,NULL,NULL,NULL,NULL,NULL,NULL,NULL,NULL,NULL,NULL
a2,W,vv,NULL,NULL,NULL,NULL,NULL,NULL,NULL,NULL,NULL,NULL,NULL
a2,W,hv,NULL,NULL,NULL,NULL,NULL,NULL,NULL,NULL,NULL,NULL,NULL
a2,S,hh,0.0,40.0,-68.092,99.0,0.255,30.0,0.395,-3.142,2.467,2.893,2.929
a2,S,vv,0.0,40.0,-99.0,93.91,0.037,-4.837,5.388,-3.142,13.969,-9.0,-0.364
a2,S,hv,0.0,40.0,-24.821,6.937,1.674,-1.267,8.152,-3.142,3.559,0.002,-9.0
a3,C,hh,0.0,40.0,-25.0,15.983,3.652,11.903,0.0,0.0,3.411,7.395,15.0
a3,C,vv,0.0,40.0,-27.259,16.752,3.73,14.103,0.0,0.0,2.857,7.917,9.838
a3,C,hv,0.0,40.0,-26.926,10.227,5.646,5.581,0.0,0.0,3.957,4.563,11.986
a3,L,hh,0.0,30.0,-57.445,99.0,1.367,30.0,-2.186,-3.142,3.799,3.438,15.0
a3,L,vv,0.0,30.0,-92.28,99.0,0.742,-4.067,12.265,3.142,3.861,3.167,15.0
a3,L,hv,0.0,30.0,-30.2,27.244,4.044,-9.085,0.0,0.0,3.758,2.301,15.0
a3,Ku,hh,NULL,NULL,NULL,NULL,NULL,NULL,NULL,NULL,NULL,NULL,NULL
a3,Ku,vv,NULL,NULL,NULL,NULL,NULL,NULL,NULL,NULL,NULL,NULL,NULL
a3,Ku,hv,NULL,NULL,NULL,NULL,NULL,NULL,NULL,NULL,NULL,NULL,NULL
a3,X,hh,NULL,NULL,NULL,NULL,NULL,NULL,NULL,NULL,NULL,NULL,NULL
a3,X,vv,NULL,NULL,NULL,NULL,NULL,NULL,NULL,NULL,NULL,NULL,NULL
a3,X,hv,NULL,NULL,NULL,NULL,NULL,NULL,NULL,NULL,NULL,NULL,NULL
a3,Ka,hh,NULL,NULL,NULL,NULL,NULL,NULL,NULL,NULL,NULL,NULL,NULL
a3,Ka,vv,NULL,NULL,NULL,NULL,NULL,NULL,NULL,NULL,NULL,NULL,NULL
a3,Ka,hv,NULL,NULL,NULL,NULL,NULL,NULL,NULL,NULL,NULL,NULL,NULL
a3,W,hh,NULL,NULL,NULL,NULL,NULL,NULL,NULL,NULL,NULL,NULL,NULL
a3,W,vv,NULL,NULL,NULL,NULL,NULL,NULL,NULL,NULL,NULL,NULL,NULL
a3,W,hv,NULL,NULL,NULL,NULL,NULL,NULL,NULL,NULL,NULL,NULL,NULL
a3,S,hh,0.0,40.0,-69.288,99.0,0.99,23.282,2.728,-3.142,3.852,5.865,10.88
a3,S,vv,0.0,40.0,-69.77,79.257,0.552,-10.121,4.516,-1.206,15.0,-7.941,-0.642
a3,S,hv,0.0,40.0,-36.981,49.399,0.611,-30.0,2.284,-0.589,5.177,0.858,15.0
c3,C,hh,0.0,80.0,-91.95,99.0,0.27,6.98,1.922,-3.142,1.723,3.376,1.975
c3,C,vv,0.0,80.0,-91.133,99.0,0.294,8.107,2.112,-3.142,1.684,3.422,2.376
c3,C,hv,0.0,80.0,-99.0,91.003,0.156,3.948,2.239,-3.142,13.237,-9.0,-0.178
c3,L,hh,0.0,80.0,-26.688,29.454,1.814,0.873,4.135,-3.142,-9.0,14.931,0.092
c3,L,vv,0.0,80.0,-81.371,99.0,0.567,16.2,-1.948,3.142,-9.0,13.808,0.053
c3,L,hv,0.0,80.0,-99.0,99.0,0.086,-21.298,0.0,0.0,4.747,-0.044,-2.826
c3,Ku,hh,0.0,80.0,-99.0,98.254,0.098,-0.71,5.0,-2.225,1.941,4.096,2.93
c3,Ku,vv,0.0,80.0,-99.0,98.741,0.103,-0.579,5.0,-2.21,2.192,3.646,3.32
c3,Ku,hv,40.0,70.0,-30.403,0.0,0.0,19.378,1.0,-0.59,-9.0,11.516,0.02
c3,X,hh,0.0,80.0,-99.0,97.28,0.107,-0.538,5.0,-2.688,2.038,4.238,2.997
c3,X,vv,0.0,80.0,-99.0,97.682,0.113,-0.779,5.0,-2.076,2.081,4.025,2.997
c3,X,hv,20.0,70.0,-28.057,0.0,0.0,13.575,1.0,-0.573,3.301,-0.001,-4.934
c3,Ka,hh,20.0,70.0,-41.17,27.831,0.076,-8.728,0.869,3.142,2.171,4.391,4.618
c3,Ka,vv,20.0,70.0,-43.899,41.594,0.215,-0.794,5.0,-1.372,2.117,2.88,4.388
c3,Ka,hv,NULL,NULL,NULL,NULL,NULL,NULL,NULL,NULL,NULL,NULL,NULL
c3,W,hh,NULL,NULL,NULL,NULL,NULL,NULL,NULL,NULL,NULL,NULL,NULL
c3,W,vv,NULL,NULL,NULL,NULL,NULL,NULL,NULL,NULL,NULL,NULL,NULL
c3,W,hv,NULL,NULL,NULL,NULL,NULL,NULL,NULL,NULL,NULL,NULL,NULL
c3,S,hh,0.0,80.0,-21.202,21.177,2.058,-0.132,-5.0,-3.142,1.713,3.205,1.729
c3,S,vv,0.0,80.0,-20.566,20.079,1.776,-1.332,5.0,-1.983,2.475,2.308,3.858
c3,S,hv,0.0,80.0,-89.222,44.939,0.253,30.0,-0.355,0.526,12.735,-9.0,-0.159
c,C,hh,0.0,80.0,-87.727,99.0,0.322,10.188,-1.747,3.142,2.586,2.946,2.74
c,C,vv,0.0,80.0,-88.593,99.0,0.326,9.574,1.969,-3.142,2.287,3.33,2.674
c,C,hv,0.0,80.0,-99.0,93.293,0.181,5.359,1.948,-3.142,13.717,-9.0,-0.169
c,L,hh,0.0,80.0,-27.265,32.39,2.133,1.438,-3.847,3.142,1.593,4.246,0.063
c,L,vv,0.0,80.0,-24.614,27.398,2.265,-1.08,5.0,-1.999,4.918,0.819,15.0
c,L,hv,0.0,80.0,-41.6,22.872,0.689,-1.238,0.0,0.0,0.59,4.864,0.098
c,Ku,hh,0.0,80.0,-99.0,97.863,0.105,-0.893,5.0,-2.657,2.538,2.691,2.364
c,Ku,vv,0.0,80.0,-99.0,97.788,0.105,-1.017,5.0,-3.142,1.628,3.117,0.566
c,Ku,hv,0.0,70.0,-14.234,3.468,10.0,-1.552,5.0,-0.562,-9.0,13.349,0.09
c,X,hh,0.0,80.0,-99.0,97.417,0.114,-0.837,5.0,-2.984,2.49,3.514,3.217
c,X,vv,0.0,80.0,-99.0,97.37,0.119,-1.171,5.0,-2.728,2.946,2.834,2.953
c,X,hv,10.0,70.0,-16.716,10.247,10.0,-1.045,5.0,-0.159,-9.0,13.278,0.066
c,Ka,hh,10.0,80.0,-99.0,79.05,0.263,-30.0,0.73,2.059,2.8,3.139,15.0
c,Ka,vv,10.0,80.0,-99.0,80.325,0.282,-30.0,0.833,1.97,2.686,-0.002,-2.853
c,Ka,hv,NULL,NULL,NULL,NULL,NULL,NULL,NULL,NULL,NULL,NULL,NULL
c,W,hh,NULL,NULL,NULL,NULL,NULL,NULL,NULL,NULL,NULL,NULL,NULL
c,W,vv,NULL,NULL,NULL,NULL,NULL,NULL,NULL,NULL,NULL,NULL,NULL
c,W,hv,NULL,NULL,NULL,NULL,NULL,NULL,NULL,NULL,NULL,NULL,NULL
c,S,hh,0.0,80.0,-20.779,21.867,2.434,0.347,-0.013,-0.393,2.527,3.273,3.001
c,S,vv,0.0,80.0,-20.367,21.499,2.151,-1.069,5.0,-1.95,2.963,2.881,4.74
c,S,hv,0.0,80.0,-99.0,85.852,0.179,3.687,2.121,-3.142,13.195,-9.0,-0.148
c3a,C,hh,0.0,80.0,-90.876,99.0,0.276,7.158,1.813,-3.142,1.956,2.861,2.301
c3a,C,vv,0.0,80.0,-90.091,99.0,0.298,8.302,2.024,-3.142,1.435,3.416,1.766
c3a,C,hv,0.0,80.0,-99.0,90.711,0.149,3.229,2.115,-3.142,13.293,-9.0,-0.193
c3a,L,hh,0.0,80.0,-29.397,32.056,1.348,0.81,4.872,-3.142,-9.0,14.591,0.11
c3a,L,vv,0.0,80.0,-82.717,99.0,0.485,14.951,-1.811,3.142,0.504,3.89,0.559
c3a,L,hv,0.0,80.0,-99.0,99.0,0.086,-19.586,0.0,0.0,4.371,-0.126,-2.07
c3a,Ku,hh,0.0,80.0,-98.657,99.0,0.104,-0.96,5.759,-3.142,1.824,4.288,2.387
c3a,Ku,vv,0.0,80.0,-98.127,99.0,0.111,-0.802,5.774,-3.142,2.162,3.7,2.994
c3a,Ku,hv,40.0,70.0,-40.82,0.0,0.0,30.0,0.857,-0.557,-9.0,11.794,0.04
c3a,X,hh,0.0,80.0,-99.0,98.553,0.117,-0.992,5.309,-3.142,1.669,4.696,2.308
c3a,X,vv,0.0,80.0,-99.0,98.634,0.12,-0.981,6.049,-3.142,1.788,4.529,2.533
c3a,X,hv,20.0,70.0,-99.0,52.764,-0.386,25.044,1.551,-0.224,2.696,0.0,0.0
c3a,Ka,hh,NULL,NULL,NULL,NULL,NULL,NULL,NULL,NULL,NULL,NULL,NULL
c3a,Ka,vv,NULL,NULL,NULL,NULL,NULL,NULL,NULL,NULL,NULL,NULL,NULL
c3a,Ka,hv,NULL,NULL,NULL,NULL,NULL,NULL,NULL,NULL,NULL,NULL,NULL
c3a,W,hh,NULL,NULL,NULL,NULL,NULL,NULL,NULL,NULL,NULL,NULL,NULL
c3a,W,vv,NULL,NULL,NULL,NULL,NULL,NULL,NULL,NULL,NULL,NULL,NULL
c3a,W,hv,NULL,NULL,NULL,NULL,NULL,NULL,NULL,NULL,NULL,NULL,NULL
c3a,S,hh,0.0,80.0,-23.453,22.959,1.51,-0.87,-4.886,-3.142,1.553,2.995,1.391
c3a,S,vv,0.0,80.0,-18.801,17.754,1.817,-1.412,6.679,-3.142,2.522,2.067,4.399
c3a,S,hv,0.0,80.0,-99.0,60.067,-0.114,30.0,0.546,0.792,0.535,3.31,0.748
a1,C,hh,0.0,40.0,-64.477,99.0,0.354,-30.0,0.0,0.0,-9.0,13.362,-0.094
a1,C,vv,0.0,40.0,-30.458,65.739,0.553,-30.0,0.0,0.0,4.364,1.311,15.0
a1,C,hv,0.0,40.0,-78.372,99.0,0.314,-30.0,0.0,0.0,7.498,-2.787,2.654
a1,L,hh,0.0,30.0,-11.831,0.417,-6.332,8.696,-5.0,0.18,-9.0,10.932,-0.349
a1,L,vv,0.0,30.0,-35.246,3.122,-4.532,-30.0,3.284,-3.132,-9.0,11.248,-0.335
a1,L,hv,0.0,30.0,-88.448,99.0,0.082,-30.0,0.0,0.0,3.561,-0.686,15.0
a1,Ku,hh,NULL,NULL,NULL,NULL,NULL,NULL,NULL,NULL,NULL,NULL,NULL
a1,Ku,vv,NULL,NULL,NULL,NULL,NULL,NULL,NULL,NULL,NULL,NULL,NULL
a1,Ku,hv,NULL,NULL,NULL,NULL,NULL,NULL,NULL,NULL,NULL,NULL,NULL
a1,X,hh,NULL,NULL,NULL,NULL,NULL,NULL,NULL,NULL,NULL,NULL,NULL
a1,X,vv,NULL,NULL,NULL,NULL,NULL,NULL,NULL,NULL,NULL,NULL,NULL
a1,X,hv,NULL,NULL,NULL,NULL,NULL,NULL,NULL,NULL,NULL,NULL,NULL
a1,Ka,hh,NULL,NULL,NULL,NULL,NULL,NULL,NULL,NULL,NULL,NULL,NULL
a1,Ka,vv,NULL,NULL,NULL,NULL,NULL,NULL,NULL,NULL,NULL,NULL,NULL
a1,Ka,hv,NULL,NULL,NULL,NULL,NULL,NULL,NULL,NULL,NULL,NULL,NULL
a1,W,hh,NULL,NULL,NULL,NULL,NULL,NULL,NULL,NULL,NULL,NULL,NULL
a1,W,vv,NULL,NULL,NULL,NULL,NULL,NULL,NULL,NULL,NULL,NULL,NULL
a1,W,hv,NULL,NULL,NULL,NULL,NULL,NULL,NULL,NULL,NULL,NULL,NULL
a1,S,hh,0.0,40.0,-88.531,99.0,1.387,30.0,2.967,-1.84,4.471,0.466,15.0
a1,S,vv,0.0,40.0,-89.178,99.0,1.281,-30.0,2.709,1.323,12.958,-9.0,0.184
a1,S,hv,0.0,40.0,-99.0,99.0,1.426,-30.0,3.012,1.127,3.938,1.292,15.0